,filetype,objectid,filepath,datetime,description
f23196b034474744bdca7df94b13e0f7,Observation,21231,/mnt/c/Users/tolk1/Dropbox/SDSC/WiFire/farsite-devAPI/data/inputs/maria_ignite/maria_21231.shp,10/31/2019 19:37,Maria2019
9f82e870591748a9a8a01346d174f2a1,Observation,21232,/mnt/c/Users/tolk1/Dropbox/SDSC/WiFire/farsite-devAPI/data/inputs/maria_ignite/maria_21232.shp,10/31/2019 19:58,Maria2019
1a6eb30ee33742e18fa6bb26678b5077,Observation,21234,/mnt/c/Users/tolk1/Dropbox/SDSC/WiFire/farsite-devAPI/data/inputs/maria_ignite/maria_21234.shp,10/31/2019 20:31,Maria2019
911f9b001c054b74a6ba70958f5f3c93,Observation,21235,/mnt/c/Users/tolk1/Dropbox/SDSC/WiFire/farsite-devAPI/data/inputs/maria_ignite/maria_21235.shp,10/31/2019 20:56,Maria2019
7957c2e604554199ba60c5b13aff2f40,Observation,21236,/mnt/c/Users/tolk1/Dropbox/SDSC/WiFire/farsite-devAPI/data/inputs/maria_ignite/maria_21236.shp,10/31/2019 21:22,Maria2019
714f0cf8d475462a97c651642a3d2525,Observation,21237,/mnt/c/Users/tolk1/Dropbox/SDSC/WiFire/farsite-devAPI/data/inputs/maria_ignite/maria_21237.shp,10/31/2019 23:31,Maria2019
628d7730c0f149f898695d37a1350882,Observation,21238,/mnt/c/Users/tolk1/Dropbox/SDSC/WiFire/farsite-devAPI/data/inputs/maria_ignite/maria_21238.shp,10/31/2019 23:48,Maria2019
746e4f286cba4af4a89362b548f2c255,Observation,21239,/mnt/c/Users/tolk1/Dropbox/SDSC/WiFire/farsite-devAPI/data/inputs/maria_ignite/maria_21239.shp,11/1/2019 0:29,Maria2019
ec72de65d1934e0ab74ff46ffba1ae1b,Observation,21240,/mnt/c/Users/tolk1/Dropbox/SDSC/WiFire/farsite-devAPI/data/inputs/maria_ignite/maria_21240.shp,11/1/2019 0:54,Maria2019
15dc4b77768f4921be77c65ae9a6b9d4,Observation,21241,/mnt/c/Users/tolk1/Dropbox/SDSC/WiFire/farsite-devAPI/data/inputs/maria_ignite/maria_21241.shp,11/1/2019 1:12,Maria2019
db87bccf2de3464ea09ffbe2c1fe1611,Observation,21242,/mnt/c/Users/tolk1/Dropbox/SDSC/WiFire/farsite-devAPI/data/inputs/maria_ignite/maria_21242.shp,11/1/2019 1:25,Maria2019
548466fe1b424e62bc8d766234763fa2,Observation,21243,/mnt/c/Users/tolk1/Dropbox/SDSC/WiFire/farsite-devAPI/data/inputs/maria_ignite/maria_21243.shp,11/1/2019 1:38,Maria2019
116dd0ef296445f39a3343b0daa1a084,Observation,21244,/mnt/c/Users/tolk1/Dropbox/SDSC/WiFire/farsite-devAPI/data/inputs/maria_ignite/maria_21244.shp,11/1/2019 1:56,Maria2019
9623320b87894822a5ec1429be08f9bd,Observation,21245,/mnt/c/Users/tolk1/Dropbox/SDSC/WiFire/farsite-devAPI/data/inputs/maria_ignite/maria_21245.shp,11/1/2019 2:10,Maria2019
04983f027cb4496da5a4d1177d28a801,Observation,21246,/mnt/c/Users/tolk1/Dropbox/SDSC/WiFire/farsite-devAPI/data/inputs/maria_ignite/maria_21246.shp,11/1/2019 2:24,Maria2019
57a3d3ce84b2401ea89da919252ede28,Observation,21247,/mnt/c/Users/tolk1/Dropbox/SDSC/WiFire/farsite-devAPI/data/inputs/maria_ignite/maria_21247.shp,11/1/2019 2:29,Maria2019
c9c4975019b947eab1e825ea811e9156,Observation,21248,/mnt/c/Users/tolk1/Dropbox/SDSC/WiFire/farsite-devAPI/data/inputs/maria_ignite/maria_21248.shp,11/1/2019 3:05,Maria2019
49716755b8444847b9e030fa52481e05,Observation,21249,/mnt/c/Users/tolk1/Dropbox/SDSC/WiFire/farsite-devAPI/data/inputs/maria_ignite/maria_21249.shp,11/1/2019 3:15,Maria2019
d6b0375e8f54460eac6a82223cc04337,Observation,21630,/mnt/c/Users/tolk1/Dropbox/SDSC/WiFire/farsite-devAPI/data/inputs/maria_ignite/maria_21630.shp,11/1/2019 20:20,Maria2019
81011859d7ab456395abfab9112ee2a3,Observation,21631,/mnt/c/Users/tolk1/Dropbox/SDSC/WiFire/farsite-devAPI/data/inputs/maria_ignite/maria_21631.shp,11/1/2019 20:42,Maria2019
43b7f5db36994599861eec4849cc68fd,Landscape,,/mnt/c/Users/tolk1/Dropbox/SDSC/WiFire/farsite-devAPI/data/inputs/landscapes/Maria2019.lcp,,Maria2019
cb47616cd2dc4ccc8fd523bd3a5064bb,Barrier,,/mnt/c/Users/tolk1/Dropbox/SDSC/WiFire/farsite-devAPI/data/inputs/barriers/NoBarrier/NoBarrier.shp,,
5aa0d44681984fb2b0d0d7e06653cfcd,Observation,138834,/mnt/c/Users/tolk1/Dropbox/SDSC/WiFire/farsite-devAPI/data/inputs/River2021_ignite/River2021_138834.shp,8/4/2021 16:36,River2021
f62071d60d2449c991a4fa4b6b9418c2,Observation,139233,/mnt/c/Users/tolk1/Dropbox/SDSC/WiFire/farsite-devAPI/data/inputs/River2021_ignite/River2021_139233.shp,8/4/2021 16:43,River2021
8ce8cceaf0894271a22b64465406a431,Observation,138835,/mnt/c/Users/tolk1/Dropbox/SDSC/WiFire/farsite-devAPI/data/inputs/River2021_ignite/River2021_138835.shp,8/4/2021 16:55,River2021
d40f71d30d1d45f1b55eea2b7ab1b290,Observation,139236,/mnt/c/Users/tolk1/Dropbox/SDSC/WiFire/farsite-devAPI/data/inputs/River2021_ignite/River2021_139236.shp,8/4/2021 17:35,River2021
fa31000b7bbb446bba959836efb31d75,Observation,139664,/mnt/c/Users/tolk1/Dropbox/SDSC/WiFire/farsite-devAPI/data/inputs/River2021_ignite/River2021_139664.shp,8/5/2021 3:20,River2021
883bc57f374c49ab8a51209c36609d37,Landscape,,/mnt/c/Users/tolk1/Dropbox/SDSC/WiFire/farsite-devAPI/data/inputs/landscapes/River2021.lcp,,River2021
1943c4f73e9949bd9226acd86000101f,Observation,163233,/mnt/c/Users/tolk1/Dropbox/SDSC/WiFire/farsite-devAPI/data/inputs/Bridge2021_ignite/Bridge2021_163233.shp,9/5/2021 14:04,Bridge2021
d588064eaa4545fea0463c2984f24e94,Observation,163633,/mnt/c/Users/tolk1/Dropbox/SDSC/WiFire/farsite-devAPI/data/inputs/Bridge2021_ignite/Bridge2021_163633.shp,9/5/2021 14:34,Bridge2021
8e3a089a43df4c0ebf5fa61e017a0463,Observation,163234,/mnt/c/Users/tolk1/Dropbox/SDSC/WiFire/farsite-devAPI/data/inputs/Bridge2021_ignite/Bridge2021_163234.shp,9/5/2021 15:02,Bridge2021
a057a384686842a384129e298cda3e3a,Observation,163235,/mnt/c/Users/tolk1/Dropbox/SDSC/WiFire/farsite-devAPI/data/inputs/Bridge2021_ignite/Bridge2021_163235.shp,9/5/2021 15:25,Bridge2021
441194065b374d90945a1cd431e0c68b,Observation,163635,/mnt/c/Users/tolk1/Dropbox/SDSC/WiFire/farsite-devAPI/data/inputs/Bridge2021_ignite/Bridge2021_163635.shp,9/5/2021 15:58,Bridge2021
b39e407634c5444eb4ef63ca8b29aec4,Observation,163636,/mnt/c/Users/tolk1/Dropbox/SDSC/WiFire/farsite-devAPI/data/inputs/Bridge2021_ignite/Bridge2021_163636.shp,9/5/2021 16:23,Bridge2021
86188f7a057a40eea2823ebb8fbeb38e,Landscape,,/mnt/c/Users/tolk1/Dropbox/SDSC/WiFire/farsite-devAPI/data/inputs/landscapes/Bridge2021.lcp,,Bridge2021
